id_anssi,type_bulletin,titre,date_publication,lien,nb_cve,cve_id,annee,cvss_score,cvss_severity,cvss_version,cwe_id,cwe_desc,description,vendor,product,versions,epss_score,epss_percentile,source,criticite,risque_combine
CERTFR-2023-ALE-009,Alerte,[MàJ] Multiples vulnérabilités dans Ivanti Endpoint Manager Mobile,2023-07-26,https://www.cert.ssi.gouv.fr/alerte/CERTFR-2023-ALE-009/,3,CVE-2023-35078,2023,10.0,CRITICAL,cvssV3_0,,,An authentication bypass vulnerability in Ivanti EPMM allows unauthorized users to access restricted functionality or resources of the application without proper authentication.,Ivanti,Endpoint Manager Mobile,,0.94482,0.99998,zip,Critique,9.4482
CERTFR-2023-AVI-0793,Avis,Multiples vulnérabilités dans Progress WS_FTP Server,2023-09-29,https://www.cert.ssi.gouv.fr/avis/CERTFR-2023-AVI-0793/,8,CVE-2023-40044,2023,10.0,CRITICAL,cvssV3_1,CWE-502,CWE-502 Deserialization of Untrusted Data,"In WS_FTP Server versions prior to 8.7.4 and 8.8.2, a pre-authenticated attacker could leverage a .NET deserialization vulnerability in the Ad Hoc Transfer module to execute remote commands on the underlying WS_FTP Server operating system.",Progress Software Corporation,WS_FTP Server,"8.8.0, 8.7.0",0.94449,0.99991,zip,Critique,9.4449
CERTFR-2023-AVI-0919,Avis,Vulnérabilité dans les produits SolarWinds,2023-11-08,https://www.cert.ssi.gouv.fr/avis/CERTFR-2023-AVI-0919/,1,CVE-2023-46604,2023,10.0,CRITICAL,cvssV3_1,CWE-502,CWE-502 Deserialization of Untrusted Data,"The Java OpenWire protocol marshaller is vulnerable to Remote Code 
Execution. This vulnerability may allow a remote attacker with network 
access to either a Java-based OpenWire broker or client to run arbitrary
 shell commands by manipulating serialized class types in the OpenWire 
protocol to cause either the client or the broker (respectively) to 
instantiate any class on the classpath.

Users are recommended to upgrade
 both brokers and clients to version 5.15.16, 5.16.7, 5.17.6, or 5.18.3 
which fixes this issue.

",Apache Software Foundation,Apache ActiveMQ,"5.18.0, 5.17.0, 5.16.0, 0",0.94436,0.99985,zip,Critique,9.4436
CERTFR-2023-ALE-009,Alerte,[MàJ] Multiples vulnérabilités dans Ivanti Endpoint Manager Mobile,2023-07-26,https://www.cert.ssi.gouv.fr/alerte/CERTFR-2023-ALE-009/,3,CVE-2023-35082,2023,10.0,CRITICAL,cvssV3_0,,,"An authentication bypass vulnerability in Ivanti EPMM 11.10 and older, allows unauthorized users to access restricted functionality or resources of the application without proper authentication. This vulnerability is unique to CVE-2023-35078 announced earlier.",Ivanti,EPMM,11.10,0.94423,0.99979,zip,Critique,9.4423
CERTFR-2023-AVI-0899,Avis,Vulnérabilité dans Atlassian Confluence Data Center et Server,2023-10-31,https://www.cert.ssi.gouv.fr/avis/CERTFR-2023-AVI-0899/,1,CVE-2023-22518,2023,10.0,CRITICAL,cvssV3_0,,Improper Authorization,"All versions of Confluence Data Center and Server are affected by this unexploited vulnerability. This Improper Authorization vulnerability allows an unauthenticated attacker to reset Confluence and create a Confluence instance administrator account. Using this account, an attacker can then perform all administrative actions that are available to Confluence instance administrator leading to - but not limited to - full loss of confidentiality, integrity and availability. 

Atlassian Cloud sites are not affected by this vulnerability. If your Confluence site is accessed via an atlassian.net domain, it is hosted by Atlassian and is not vulnerable to this issue.",Atlassian,Confluence Data Center,>= 1.0.0,0.94375,0.99963,zip,Critique,9.4375
CERTFR-2024-AVI-0040,Avis,Multiples vulnérabilités dans Atlassian Confluence et Jira,2024-01-16,https://www.cert.ssi.gouv.fr/avis/CERTFR-2024-AVI-0040/,8,CVE-2023-22527,2024,10.0,CRITICAL,cvssV3_0,,RCE (Remote Code Execution),"A template injection vulnerability on older versions of Confluence Data Center and Server allows an unauthenticated attacker to achieve RCE on an affected instance. Customers using an affected version must take immediate action.

Most recent supported versions of Confluence Data Center and Server are not affected by this vulnerability as it was ultimately mitigated during regular version updates. However, Atlassian recommends that customers take care to install the latest version to protect their instances from non-critical vulnerabilities outlined in Atlassian’s January Security Bulletin.",Atlassian,Confluence Data Center,">= 8.0.0, >= 8.1.0, >= 8.2.0, >= 8.3.0, >= 8.4.0",0.94363,0.9996,zip,Critique,9.4363
CERTFR-2023-AVI-0970,Avis,Multiples vulnérabilités dans les produits OwnCloud,2023-11-22,https://www.cert.ssi.gouv.fr/avis/CERTFR-2023-AVI-0970/,3,CVE-2023-49103,2023,10.0,CRITICAL,cvssV3_1,,,"An issue was discovered in ownCloud owncloud/graphapi 0.2.x before 0.2.1 and 0.3.x before 0.3.1. The graphapi app relies on a third-party GetPhpInfo.php library that provides a URL. When this URL is accessed, it reveals the configuration details of the PHP environment (phpinfo). This information includes all the environment variables of the webserver. In containerized deployments, these environment variables may include sensitive data such as the ownCloud admin password, mail server credentials, and license key. Simply disabling the graphapi app does not eliminate the vulnerability. Additionally, phpinfo exposes various other potentially sensitive configuration details that could be exploited by an attacker to gather information about the system. Therefore, even if ownCloud is not running in a containerized environment, this vulnerability should still be a cause for concern. Note that Docker containers from before February 2023 are not vulnerable to the credential disclosure.",,,,0.94329,0.99948,zip,Critique,9.4329
CERTFR-2023-AVI-0803,Avis,Vulnérabilité dans Atlassian Confluence,2023-10-05,https://www.cert.ssi.gouv.fr/avis/CERTFR-2023-AVI-0803/,1,CVE-2023-22515,2023,10.0,CRITICAL,cvssV3_0,,BASM (Broken Authentication & Session Management),"Atlassian has been made aware of an issue reported by a handful of customers where external attackers may have exploited a previously unknown vulnerability in publicly accessible Confluence Data Center and Server instances to create unauthorized Confluence administrator accounts and access Confluence instances. 

Atlassian Cloud sites are not affected by this vulnerability. If your Confluence site is accessed via an atlassian.net domain, it is hosted by Atlassian and is not vulnerable to this issue. ",Atlassian,Confluence Data Center,">= 8.0.0, >= 8.0.1, >= 8.0.2, >= 8.0.3, >= 8.1.3",0.94326,0.99947,zip,Critique,9.4326
CERTFR-2024-ALE-006,Alerte,[MàJ] Vulnérabilité dans Palo Alto Networks GlobalProtect,2024-04-12,https://www.cert.ssi.gouv.fr/alerte/CERTFR-2024-ALE-006/,1,CVE-2024-3400,2024,10.0,CRITICAL,cvssV3_1,CWE-77,CWE-77 Improper Neutralization of Special Elements used in a Command ('Command Injection'),"A command injection as a result of arbitrary file creation vulnerability in the GlobalProtect feature of Palo Alto Networks PAN-OS software for specific PAN-OS versions and distinct feature configurations may enable an unauthenticated attacker to execute arbitrary code with root privileges on the firewall.

Cloud NGFW, Panorama appliances, and Prisma Access are not impacted by this vulnerability.",Palo Alto Networks,PAN-OS,"10.2.0, 11.0.0, 11.1.0",0.94297,0.99939,zip,Critique,9.4297
CERTFR-2024-AVI-0742,Avis,Multiples vulnérabilités dans Synacor Zimbra Collaboration,2024-09-05,https://www.cert.ssi.gouv.fr/avis/CERTFR-2024-AVI-0742/,12,CVE-2024-45519,2024,10.0,CRITICAL,cvssV3_1,,,"The postjournal service in Zimbra Collaboration (ZCS) before 8.8.15 Patch 46, 9 before 9.0.0 Patch 41, 10 before 10.0.9, and 10.1 before 10.1.1 sometimes allows unauthenticated users to execute commands.",,,,0.9414,0.99907,zip,Critique,9.414
CERTFR-2023-ALE-011,Alerte,[MàJ] Multiples vulnérabilités dans Cisco IOS XE,2023-10-17,https://www.cert.ssi.gouv.fr/alerte/CERTFR-2023-ALE-011/,2,CVE-2023-20198,2023,10.0,CRITICAL,cvssV3_1,CWE-420,Unprotected Alternate Channel,"Cisco is providing an update for the ongoing investigation into observed exploitation of the web UI feature in Cisco IOS XE Software. We are updating the list of fixed releases and adding the Software Checker. Our investigation has determined that the actors exploited two previously unknown issues. The attacker first exploited CVE-2023-20198 to gain initial access and issued a privilege 15 command to create a local user and password combination. This allowed the user to log in with normal user access. The attacker then exploited another component of the web UI feature, leveraging the new local user to elevate privilege to root and write the implant to the file system. Cisco has assigned CVE-2023-20273 to this issue. CVE-2023-20198 has been assigned a CVSS Score of 10.0. CVE-2023-20273 has been assigned a CVSS Score of 7.2. Both of these CVEs are being tracked by CSCwh87343.",Cisco,Cisco IOS XE Software,"16.1.1, 16.1.2, 16.1.3, 16.2.1, 16.2.2",0.94069,0.99898,zip,Critique,9.4069
CERTFR-2024-ALE-002,Alerte,[MàJ] Multiples Vulnérabilités dans GitLab,2024-01-12,https://www.cert.ssi.gouv.fr/alerte/CERTFR-2024-ALE-002/,2,CVE-2023-7028,2024,10.0,CRITICAL,cvssV3_1,CWE-640,CWE-640: Weak Password Recovery Mechanism for Forgotten Password,"An issue has been discovered in GitLab CE/EE affecting all versions from 16.1 prior to 16.1.6, 16.2 prior to 16.2.9, 16.3 prior to 16.3.7, 16.4 prior to 16.4.5, 16.5 prior to 16.5.6, 16.6 prior to 16.6.4, and 16.7 prior to 16.7.2 in which user account password reset emails could be delivered to an unverified email address.",GitLab,GitLab,"16.1, 16.2, 16.3, 16.4, 16.5",0.93604,0.99824,zip,Critique,9.3604
CERTFR-2024-AVI-0859,Avis,Multiples vulnérabilités dans les produits Palo Alto Networks,2024-10-10,https://www.cert.ssi.gouv.fr/avis/CERTFR-2024-AVI-0859/,25,CVE-2024-9463,2024,9.9,CRITICAL,cvssV4_0,CWE-78,CWE-78 Improper Neutralization of Special Elements used in an OS Command ('OS Command Injection'),"An OS command injection vulnerability in Palo Alto Networks Expedition allows an unauthenticated attacker to run arbitrary OS commands as root in Expedition, resulting in disclosure of usernames, cleartext passwords, device configurations, and device API keys of PAN-OS firewalls.",Palo Alto Networks,Expedition,1.2.0,0.94199,0.99916,zip,Critique,9.325701
CERTFR-2023-AVI-0406,Avis,Vulnérabilité dans GitLab,2023-05-24,https://www.cert.ssi.gouv.fr/avis/CERTFR-2023-AVI-0406/,1,CVE-2023-2825,2023,10.0,CRITICAL,cvssV3_1,,Improper limitation of a pathname to a restricted directory ('path traversal') in GitLab,An issue has been discovered in GitLab CE/EE affecting only version 16.0.0. An unauthenticated malicious user can use a path traversal vulnerability to read arbitrary files on the server when an attachment exists in a public project nested within at least five groups.,GitLab,GitLab,16.0.0,0.93022,0.99771,zip,Critique,9.3022
CERTFR-2022-ALE-004,Alerte,Vulnérabilité dans F5 BIG-IP,2022-05-11,https://www.cert.ssi.gouv.fr/alerte/CERTFR-2022-ALE-004/,1,CVE-2022-1388,2022,9.8,CRITICAL,cvssV3_1,CWE-306,CWE-306 Missing Authentication for Critical Function,"On F5 BIG-IP 16.1.x versions prior to 16.1.2.2, 15.1.x versions prior to 15.1.5.1, 14.1.x versions prior to 14.1.4.6, 13.1.x versions prior to 13.1.5, and all 12.1.x and 11.6.x versions, undisclosed requests may bypass iControl REST authentication. Note: Software versions which have reached End of Technical Support (EoTS) are not evaluated",F5,BIG-IP,"16.1.x, 15.1.x, 14.1.x, 13.1.x, 12.1.x",0.94456,0.99992,zip,Critique,9.256688
CERTFR-2023-AVI-0897,Avis,Vulnérabilité dans F5 BIG-IP,2023-10-27,https://www.cert.ssi.gouv.fr/avis/CERTFR-2023-AVI-0897/,1,CVE-2023-46747,2023,9.8,CRITICAL,cvssV3_1,CWE-288,CWE-288 Authentication Bypass Using an Alternate Path or Channel,"Undisclosed requests may bypass configuration utility authentication, allowing an attacker with network access to the BIG-IP system through the management port and/or self IP addresses to execute arbitrary system commands.  Note: Software versions which have reached End of Technical Support (EoTS) are not evaluated",F5,BIG-IP,"17.1.0, 16.1.0, 15.1.0, 14.1.0, 13.1.0",0.94436,0.99985,zip,Critique,9.254728
CERTFR-2022-ALE-011,Alerte,Vulnérabilité dans les produits Fortinet,2022-10-14,https://www.cert.ssi.gouv.fr/alerte/CERTFR-2022-ALE-011/,1,CVE-2022-40684,2022,9.8,CRITICAL,cvssV3_1,,Execute unauthorized code or commands,"An authentication bypass using an alternate path or channel [CWE-288] in Fortinet FortiOS version 7.2.0 through 7.2.1 and 7.0.0 through 7.0.6, FortiProxy version 7.2.0 and version 7.0.0 through 7.0.6 and FortiSwitchManager version 7.2.0 and 7.0.0 allows an unauthenticated atttacker to perform operations on the administrative interface via specially crafted HTTP or HTTPS requests.",Fortinet,"Fortinet FortiOS, FortiProxy, FortiSwitchManager","FortiOS 7.2.1, 7.2.0, 7.0.6, 7.0.5, 7.0.4, 7.0.3, 7.0.2, 7.0.1, 7.0.0; FortiProxy 7.2.0, 7.0.6, 7.0.5, 7.0.4, 7.0.3, 7.0.2, 7.0.1, 7.0.0; FortiSwitchManager 7.2.0, 7.0.0",0.94427,0.99982,zip,Critique,9.253846
CERTFR-2021-ALE-020,Alerte,[Maj] Multiples vulnérabilités dans Microsoft Azure Open Management Infrastructure,2021-09-17,https://www.cert.ssi.gouv.fr/alerte/CERTFR-2021-ALE-020/,4,CVE-2021-38647,2021,9.8,CRITICAL,cvssV3_1,,Remote Code Execution,Open Management Infrastructure Remote Code Execution Vulnerability,Microsoft,Open Management Infrastructure,16.0,0.94392,0.9997,zip,Critique,9.250416
CERTFR-2023-AVI-0458,Avis,Multiples vulnérabilités dans les produits Citrix,2023-06-14,https://www.cert.ssi.gouv.fr/avis/CERTFR-2023-AVI-0458/,2,CVE-2023-24489,2023,9.8,CRITICAL,cvssV3_1,CWE-284,CWE-284,"
A vulnerability has been discovered in the customer-managed ShareFile storage zones controller which, if exploited, could allow an unauthenticated attacker to remotely compromise the customer-managed ShareFile storage zones controller.",Citrix,Citrix ShareFile Storage Zones Controller,0,0.94389,0.99969,zip,Critique,9.250122
CERTFR-2024-AVI-0468,Avis,Multiples vulnérabilités dans PHP,2024-06-07,https://www.cert.ssi.gouv.fr/avis/CERTFR-2024-AVI-0468/,3,CVE-2024-4577,2024,9.8,CRITICAL,cvssV3_1,CWE-78,CWE-78 Improper Neutralization of Special Elements used in an OS Command ('OS Command Injection'),"In PHP versions 8.1.* before 8.1.29, 8.2.* before 8.2.20, 8.3.* before 8.3.8, when using Apache and PHP-CGI on Windows, if the system is set up to use certain code pages, Windows may use ""Best-Fit"" behavior to replace characters in command line given to Win32 API functions. PHP CGI module may misinterpret those characters as PHP options, which may allow a malicious user to pass options to PHP binary being run, and thus reveal the source code of scripts, run arbitrary PHP code on the server, etc.",PHP Group,PHP,"8.1.*, 8.2.*, 8.3.*",0.94374,0.99962,zip,Critique,9.248652000000002
CERTFR-2023-AVI-0461,Avis,Multiples vulnérabilités dans Microsoft Office,2023-06-14,https://www.cert.ssi.gouv.fr/avis/CERTFR-2023-AVI-0461/,11,CVE-2023-29357,2023,9.8,CRITICAL,cvssV3_1,CWE-303,CWE-303: Incorrect Implementation of Authentication Algorithm,Microsoft SharePoint Server Elevation of Privilege Vulnerability,Microsoft,Microsoft SharePoint Server 2019,16.0.0,0.94356,0.99957,zip,Critique,9.246888
CERTFR-2023-AVI-0660,Avis,Vulnérabilité dans Juniper Junos OS,2023-08-18,https://www.cert.ssi.gouv.fr/avis/CERTFR-2023-AVI-0660/,4,CVE-2023-36845,2023,9.8,CRITICAL,cvssV3_1,CWE-473,CWE-473 PHP External Variable Modification,"A PHP External Variable Modification vulnerability in J-Web of Juniper Networks Junos OS on EX Series 

and SRX Series 

allows an unauthenticated, network-based attacker to remotely execute code.

Using a crafted request which sets the variable PHPRC an attacker is able to modify the PHP execution environment allowing the injection und execution of code.


This issue affects Juniper Networks Junos OS on EX Series


and 


SRX Series:



  *  All versions prior to 

20.4R3-S9;
  *  21.1 versions 21.1R1 and later;
  *  21.2 versions prior to 21.2R3-S7;
  *  21.3 versions prior to 21.3R3-S5;
  *  21.4 versions prior to 21.4R3-S5;
  *  22.1 versions 

prior to 

22.1R3-S4;
  *  22.2 versions 

prior to 

22.2R3-S2;
  *  22.3 versions 

prior to 

22.3R2-S2, 22.3R3-S1;
  *  22.4 versions 

prior to 

22.4R2-S1, 22.4R3;
  *  23.2 versions prior to 23.2R1-S1, 23.2R2.",Juniper Networks,Junos OS,"0, 21.1, 21.2, 21.3, 21.4",0.94355,0.99957,zip,Critique,9.24679
CERTFR-2023-AVI-0283,Avis,Multiples vulnérabilités dans Sophos Web Appliance,2023-04-05,https://www.cert.ssi.gouv.fr/avis/CERTFR-2023-AVI-0283/,3,CVE-2023-1671,2023,9.8,CRITICAL,cvssV3_1,,,A pre-auth command injection vulnerability in the warn-proceed handler of Sophos Web Appliance older than version 4.3.10.4 allows execution of arbitrary code.,Sophos,Sophos Web Appliance,unspecified,0.94296,0.99938,zip,Critique,9.241008
CERTFR-2023-AVI-0549,Avis,Vulnérabilité dans Adobe ColdFusion,2023-07-17,https://www.cert.ssi.gouv.fr/avis/CERTFR-2023-AVI-0549/,1,CVE-2023-38203,2023,9.8,CRITICAL,cvssV3_1,CWE-502,Deserialization of Untrusted Data (CWE-502),"Adobe ColdFusion versions 2018u17 (and earlier), 2021u7 (and earlier) and 2023u1 (and earlier) are affected by a Deserialization of Untrusted Data vulnerability that could result in Arbitrary code execution. Exploitation of this issue does not require user interaction.",Adobe,ColdFusion,0,0.94264,0.99929,zip,Critique,9.237872
CERTFR-2025-AVI-0035,Avis,Multiples vulnérabilités dans Ivanti Endpoint Manager (EPM),2025-01-15,https://www.cert.ssi.gouv.fr/avis/CERTFR-2025-AVI-0035/,17,CVE-2024-13159,2025,9.8,CRITICAL,cvssV3_1,CWE-36,CWE-36 Absolute Path Traversal,Absolute path traversal in Ivanti EPM before the 2024 January-2025 Security Update and 2022 SU6 January-2025 Security Update allows a remote unauthenticated attacker to leak sensitive information.,Ivanti,Endpoint Manager,,0.94138,0.99906,zip,Critique,9.225524
CERTFR-2024-AVI-0483,Avis,Multiples vulnérabilités dans les produits Adobe,2024-06-12,https://www.cert.ssi.gouv.fr/avis/CERTFR-2024-AVI-0483/,14,CVE-2024-34102,2024,9.8,CRITICAL,cvssV3_1,CWE-611,Improper Restriction of XML External Entity Reference ('XXE') (CWE-611),"Adobe Commerce versions 2.4.7, 2.4.6-p5, 2.4.5-p7, 2.4.4-p8 and earlier are affected by an Improper Restriction of XML External Entity Reference ('XXE') vulnerability that could result in arbitrary code execution. An attacker could exploit this vulnerability by sending a crafted XML document that references external entities. Exploitation of this issue does not require user interaction.",Adobe,Adobe Commerce,0,0.94101,0.99902,zip,Critique,9.221898
CERTFR-2023-ALE-008,Alerte,[MàJ] Vulnérabilité dans Citrix NetScaler ADC et NetScaler Gateway,2023-07-19,https://www.cert.ssi.gouv.fr/alerte/CERTFR-2023-ALE-008/,1,CVE-2023-3519,2023,9.8,CRITICAL,cvssV3_1,CWE-94,CWE-94 Improper Control of Generation of Code ('Code Injection'),"Unauthenticated remote code execution
",Citrix,NetScaler ADC ,"13.1, 13.0, 13.1-FIPS, 12.1-FIPS, 12.1-NDcPP",0.93993,0.99884,zip,Critique,9.211314000000002
CERTFR-2024-ALE-014,Alerte,[MàJ] Multiples vulnérabilités dans Fortinet FortiManager,2024-10-23,https://www.cert.ssi.gouv.fr/alerte/CERTFR-2024-ALE-014/,2,CVE-2024-47575,2024,9.8,CRITICAL,cvssV3_1,CWE-306,Execute unauthorized code or commands,"A missing authentication for critical function in FortiManager 7.6.0, FortiManager 7.4.0 through 7.4.4, FortiManager 7.2.0 through 7.2.7, FortiManager 7.0.0 through 7.0.12, FortiManager 6.4.0 through 6.4.14, FortiManager 6.2.0 through 6.2.12, Fortinet FortiManager Cloud 7.4.1 through 7.4.4, FortiManager Cloud 7.2.1 through 7.2.7, FortiManager Cloud 7.0.1 through 7.0.12, FortiManager Cloud 6.4.1 through 6.4.7 allows attacker to execute arbitrary code or commands via specially crafted requests.",Fortinet,FortiManager,"7.6.0, 7.4.0, 7.2.0, 7.0.0, 6.4.0",0.93846,0.99859,zip,Critique,9.196908
CERTFR-2023-AVI-0528,Avis,Multiples vulnérabilités dans Adobe ColdFusion,2023-07-12,https://www.cert.ssi.gouv.fr/avis/CERTFR-2023-AVI-0528/,3,CVE-2023-29300,2023,9.8,CRITICAL,cvssV3_1,CWE-502,Deserialization of Untrusted Data (CWE-502),"Adobe ColdFusion versions 2018u16 (and earlier), 2021u6 (and earlier) and 2023.0.0.330468 (and earlier) are affected by a Deserialization of Untrusted Data vulnerability that could result in Arbitrary code execution. Exploitation of this issue does not require user interaction.",Adobe,ColdFusion,0,0.93799,0.99851,zip,Critique,9.192302
CERTFR-2023-AVI-0146,Avis,Multiples vulnérabilités dans les produits Fortinet,2023-02-17,https://www.cert.ssi.gouv.fr/avis/CERTFR-2023-AVI-0146/,39,CVE-2022-39952,2023,9.8,CRITICAL,cvssV3_1,CWE-73,Execute unauthorized code or commands,"A external control of file name or path in Fortinet FortiNAC versions 9.4.0, 9.2.0 through 9.2.5, 9.1.0 through 9.1.7, 8.8.0 through 8.8.11, 8.7.0 through 8.7.6, 8.6.0 through 8.6.5, 8.5.0 through 8.5.4, 8.3.7 may allow an unauthenticated attacker to execute unauthorized code or commands via specifically crafted HTTP request.",Fortinet,FortiNAC,"9.4.0, 9.2.0, 9.1.0, 8.8.0, 8.7.0",0.93777,0.99846,zip,Critique,9.190146
CERTFR-2023-ALE-002,Alerte,[MàJ] Vulnérabilité dans Microsoft Outlook,2023-03-15,https://www.cert.ssi.gouv.fr/alerte/CERTFR-2023-ALE-002/,2,CVE-2023-23397,2023,9.8,CRITICAL,cvssV3_1,CWE-20,CWE-20: Improper Input Validation,Microsoft Outlook Elevation of Privilege Vulnerability,Microsoft,Microsoft Office LTSC 2021,16.0.1,0.93641,0.9983,zip,Critique,9.176818
CERTFR-2024-ALE-005,Alerte,[MàJ] Vulnérabilité dans Microsoft Outlook,2024-02-15,https://www.cert.ssi.gouv.fr/alerte/CERTFR-2024-ALE-005/,1,CVE-2024-21413,2024,9.8,CRITICAL,cvssV3_1,CWE-20,CWE-20: Improper Input Validation,Microsoft Outlook Remote Code Execution Vulnerability,Microsoft,Microsoft Office 2019,19.0.0,0.93385,0.99804,zip,Critique,9.15173
CERTFR-2024-AVI-0602,Avis,Multiples vulnérabilités dans les produits Cisco,2024-07-18,https://www.cert.ssi.gouv.fr/avis/CERTFR-2024-AVI-0602/,5,CVE-2024-20419,2024,10.0,CRITICAL,cvssV3_1,CWE-620,Unverified Password Change,"A vulnerability in the authentication system of Cisco Smart Software Manager On-Prem (SSM On-Prem) could allow an unauthenticated, remote attacker to change the password of any user, including administrative users.
 This vulnerability is due to improper implementation of the password-change process. An attacker could exploit this vulnerability by sending crafted HTTP requests to an affected device. A successful exploit could allow an attacker to access the web UI or API with the privileges of the compromised user.",Cisco,Cisco Smart Software Manager On-Prem,8-202206,0.91421,0.99643,zip,Critique,9.1421
CERTFR-2024-AVI-0702,Avis,Vulnérabilité dans SPIP,2024-08-21,https://www.cert.ssi.gouv.fr/avis/CERTFR-2024-AVI-0702/,1,CVE-2024-8517,2024,9.8,CRITICAL,cvssV3_1,CWE-646,CWE-646: Reliance on File Name or Extension of Externally-Supplied File,"SPIP before 4.3.2, 4.2.16, and 
4.1.18 is vulnerable to a command injection issue. A 
remote and unauthenticated attacker can execute arbitrary operating system commands by sending a crafted multipart file upload HTTP request.",SPIP,SPIP,"4.3.0, 4.2.0, 4.1.0",0.93228,0.99789,zip,Critique,9.136344
CERTFR-2023-AVI-0885,Avis,Multiples vulnérabilités dans VMware vCenter,2023-10-25,https://www.cert.ssi.gouv.fr/avis/CERTFR-2023-AVI-0885/,2,CVE-2023-34048,2023,9.8,CRITICAL,cvssV3_1,,,vCenter Server contains an out-of-bounds write vulnerability in the implementation of the DCERPC protocol. A malicious actor with network access to vCenter Server may trigger an out-of-bounds write potentially leading to remote code execution.,VMware,VMware vCenter Server,"8.0, 7.0",0.93213,0.99786,zip,Critique,9.134874
CERTFR-2021-ALE-009,Alerte,[MàJ] Vulnérabilité dans Microsoft Windows,2021-05-12,https://www.cert.ssi.gouv.fr/alerte/CERTFR-2021-ALE-009/,1,CVE-2021-31166,2021,9.8,CRITICAL,cvssV3_1,,Remote Code Execution,HTTP Protocol Stack Remote Code Execution Vulnerability,Microsoft,Windows 10 Version 2004,10.0.0,0.93069,0.99775,zip,Critique,9.120762
CERTFR-2025-AVI-0035,Avis,Multiples vulnérabilités dans Ivanti Endpoint Manager (EPM),2025-01-15,https://www.cert.ssi.gouv.fr/avis/CERTFR-2025-AVI-0035/,17,CVE-2024-13160,2025,9.8,CRITICAL,cvssV3_1,CWE-36,CWE-36 Absolute Path Traversal,Absolute path traversal in Ivanti EPM before the 2024 January-2025 Security Update and 2022 SU6 January-2025 Security Update allows a remote unauthenticated attacker to leak sensitive information.,Ivanti,Endpoint Manager,,0.92818,0.99753,zip,Critique,9.096164
CERTFR-2023-AVI-0697,Avis,Multiples vulnérabilités dans VMware Aria Operations for Networks,2023-08-30,https://www.cert.ssi.gouv.fr/avis/CERTFR-2023-AVI-0697/,2,CVE-2023-34039,2023,9.8,CRITICAL,cvssV3_1,,Authentication Bypass Vulnerability,Aria Operations for Networks contains an Authentication Bypass vulnerability due to a lack of unique cryptographic key generation. A malicious actor with network access to Aria Operations for Networks could bypass SSH authentication to gain access to the Aria Operations for Networks CLI.,,Aria Operations for Networks,Aria Operations for Networks 6.x,0.92234,0.99703,zip,Critique,9.038932
CERTFR-2025-ALE-002,Alerte,[MàJ] Vulnérabilité dans les produits Fortinet,2025-01-14,https://www.cert.ssi.gouv.fr/alerte/CERTFR-2025-ALE-002/,1,CVE-2024-55591,2025,9.6,CRITICAL,cvssV3_1,CWE-288,Execute unauthorized code or commands,An Authentication Bypass Using an Alternate Path or Channel vulnerability [CWE-288] affecting FortiOS version 7.0.0 through 7.0.16 and FortiProxy version 7.0.0 through 7.0.19 and 7.2.0 through 7.2.12 allows a remote attacker to gain super-admin privileges via crafted requests to Node.js websocket module.,Fortinet,FortiOS,7.0.0,0.94124,0.99916,zip,Critique,9.035904
CERTFR-2024-AVI-0434,Avis,Multiples vulnérabilités dans les produits Ivanti,2024-05-22,https://www.cert.ssi.gouv.fr/avis/CERTFR-2024-AVI-0434/,16,CVE-2024-29824,2024,9.6,CRITICAL,cvssV3_0,,,An unspecified SQL Injection vulnerability in Core server of Ivanti EPM 2022 SU5 and prior allows an unauthenticated attacker within the same network to execute arbitrary code.,Ivanti,EPM,2022 SU5,0.94089,0.999,zip,Critique,9.032544
CERTFR-2023-AVI-0306,Avis,Multiples vulnérabilités dans Microsoft Windows,2023-04-12,https://www.cert.ssi.gouv.fr/avis/CERTFR-2023-AVI-0306/,75,CVE-2023-21554,2023,9.8,CRITICAL,cvssV3_1,CWE-20,CWE-20: Improper Input Validation,Microsoft Message Queuing (MSMQ) Remote Code Execution Vulnerability,Microsoft,Windows 10 Version 1809,10.0.17763.0,0.92162,0.99696,zip,Critique,9.031876
CERTFR-2024-AVI-0958,Avis,Multiples vulnérabilités dans les produits IBM,2024-11-08,https://www.cert.ssi.gouv.fr/avis/CERTFR-2024-AVI-0958/,365,CVE-2024-21534,2024,9.8,CRITICAL,cvssV3_1,CWE-94,Remote Code Execution (RCE),"All versions of the package jsonpath-plus are vulnerable to Remote Code Execution (RCE) due to improper input sanitization. An attacker can execute aribitrary code on the system by exploiting the unsafe default usage of vm in Node.**Note:**There were several attempts to fix it in versions [10.0.0-10.1.0](https://github.com/JSONPath-Plus/JSONPath/compare/v9.0.0...v10.1.0) but it could still be exploited using [different payloads](https://github.com/JSONPath-Plus/JSONPath/issues/226).",,jsonpath-plus,0,0.91959,0.99681,zip,Critique,9.011982
CERTFR-2022-ALE-001,Alerte,[MaJ] Vulnérabilité dans Microsoft Windows,2022-01-12,https://www.cert.ssi.gouv.fr/alerte/CERTFR-2022-ALE-001/,1,CVE-2022-21907,2022,9.8,CRITICAL,cvssV3_1,,Remote Code Execution,HTTP Protocol Stack Remote Code Execution Vulnerability,Microsoft,Windows 10 Version 1809,10.0.17763.0,0.91887,0.99676,zip,Critique,9.004926000000001
CERTFR-2025-AVI-0239,Avis,Multiples vulnérabilités dans Microsoft Azure Kubernetes Service,2025-03-25,https://www.cert.ssi.gouv.fr/avis/CERTFR-2025-AVI-0239/,5,CVE-2025-1974,2025,9.8,CRITICAL,cvssV3_1,CWE-653,CWE-653 Improper Isolation or Compartmentalization,"A security issue was discovered in Kubernetes where under certain conditions, an unauthenticated attacker with access to the pod network can achieve arbitrary code execution in the context of the ingress-nginx controller. This can lead to disclosure of Secrets accessible to the controller. (Note that in the default installation, the controller can access all Secrets cluster-wide.)",kubernetes,ingress-nginx,"0, 1.12.0",0.91552,0.99653,zip,Critique,8.972096
CERTFR-2026-AVI-0143,Avis,Multiples vulnérabilités dans Synology Storage Manager,2026-02-11,https://www.cert.ssi.gouv.fr/avis/CERTFR-2026-AVI-0143/,2,CVE-2026-24061,2026,9.8,CRITICAL,cvssV3_1,CWE-88,CWE-88 Improper Neutralization of Argument Delimiters in a Command ('Argument Injection'),"telnetd in GNU Inetutils through 2.7 allows remote authentication bypass via a ""-f root"" value for the USER environment variable.",GNU,Inetutils,1.9.3,0.91526,0.99687,zip,Critique,8.969548
CERTFR-2022-ALE-003,Alerte,[MàJ] Vulnérabilité dans l'implémentation du protocole RPC par Microsoft,2022-04-13,https://www.cert.ssi.gouv.fr/alerte/CERTFR-2022-ALE-003/,1,CVE-2022-26809,2022,9.8,CRITICAL,cvssV3_1,,Remote Code Execution,Remote Procedure Call Runtime Remote Code Execution Vulnerability,Microsoft,Windows 10 Version 1809,10.0.17763.0,0.91426,0.99643,zip,Critique,8.959748000000001
CERTFR-2025-ALE-008,Alerte,[MàJ] Vulnérabilité dans Roundcube,2025-06-05,https://www.cert.ssi.gouv.fr/alerte/CERTFR-2025-ALE-008/,1,CVE-2025-49113,2025,9.9,CRITICAL,cvssV3_1,CWE-502,CWE-502 Deserialization of Untrusted Data,"Roundcube Webmail before 1.5.10 and 1.6.x before 1.6.11 allows remote code execution by authenticated users because the _from parameter in a URL is not validated in program/actions/settings/upload.php, leading to PHP Object Deserialization.",Roundcube,Webmail,"0, 1.6.0",0.90405,0.99584,zip,Critique,8.950095000000001
CERTFR-2025-AVI-0035,Avis,Multiples vulnérabilités dans Ivanti Endpoint Manager (EPM),2025-01-15,https://www.cert.ssi.gouv.fr/avis/CERTFR-2025-AVI-0035/,17,CVE-2024-13161,2025,9.8,CRITICAL,cvssV3_1,CWE-36,CWE-36 Absolute Path Traversal,Absolute path traversal in Ivanti EPM before the 2024 January-2025 Security Update and 2022 SU6 January-2025 Security Update allows a remote unauthenticated attacker to leak sensitive information.,Ivanti,Endpoint Manager,,0.9131,0.99635,zip,Critique,8.94838
CERTFR-2024-AVI-1028,Avis,Multiples vulnérabilités dans Zabbix,2024-11-29,https://www.cert.ssi.gouv.fr/avis/CERTFR-2024-AVI-1028/,14,CVE-2024-42327,2024,9.9,CRITICAL,cvssV3_1,CWE-89,CWE-89: SQL Injection,"A non-admin user account on the Zabbix frontend with the default User role, or with any other role that gives API access can exploit this vulnerability. An SQLi exists in the CUser class in the addRelatedObjects function, this function is being called from the CUser.get function which is available for every user who has API access.",Zabbix,Zabbix,"6.0.0, 6.4.0, 7.0.0",0.90296,0.99579,zip,Critique,8.939304
CERTFR-2023-AVI-0129,Avis,Multiples vulnérabilités dans Microsoft Office,2023-02-15,https://www.cert.ssi.gouv.fr/avis/CERTFR-2023-AVI-0129/,5,CVE-2023-21716,2023,9.8,CRITICAL,cvssV3_1,CWE-190,CWE-190: Integer Overflow or Wraparound,Microsoft Word Remote Code Execution Vulnerability,Microsoft,Microsoft Office LTSC for Mac 2021,16.0.1,0.91148,0.99627,zip,Critique,8.932504
CERTFR-2024-ALE-004,Alerte,[MàJ] Vulnérabilité dans Fortinet FortiOS,2024-02-09,https://www.cert.ssi.gouv.fr/alerte/CERTFR-2024-ALE-004/,1,CVE-2024-21762,2024,9.6,CRITICAL,cvssV3_1,CWE-787,Execute unauthorized code or commands,"A out-of-bounds write in Fortinet FortiOS versions 7.4.0 through 7.4.2, 7.2.0 through 7.2.6, 7.0.0 through 7.0.13, 6.4.0 through 6.4.14, 6.2.0 through 6.2.15, 6.0.0 through 6.0.17, FortiProxy versions 7.4.0 through 7.4.2, 7.2.0 through 7.2.8, 7.0.0 through 7.0.14, 2.0.0 through 2.0.13, 1.2.0 through 1.2.13, 1.1.0 through 1.1.6, 1.0.0 through 1.0.7 allows attacker to execute unauthorized code or commands via specifically crafted requests",Fortinet,FortiProxy,"7.4.0, 7.2.0, 7.0.0, 2.0.0, 1.2.0",0.9291,0.99762,zip,Critique,8.91936
CERTFR-2023-AVI-0051,Avis,Multiples vulnérabilités dans les produits Juniper,2023-01-23,https://www.cert.ssi.gouv.fr/avis/CERTFR-2023-AVI-0051/,229,CVE-2020-14871,2023,10.0,CRITICAL,cvssV3_1,,"Easily exploitable vulnerability allows unauthenticated attacker with network access via multiple protocols to compromise Oracle Solaris.  While the vulnerability is in Oracle Solaris, attacks may significantly impact additional products.  Successful attacks of this vulnerability can result in takeover of Oracle Solaris.","Vulnerability in the Oracle Solaris product of Oracle Systems (component: Pluggable authentication module). Supported versions that are affected are 10 and 11. Easily exploitable vulnerability allows unauthenticated attacker with network access via multiple protocols to compromise Oracle Solaris. While the vulnerability is in Oracle Solaris, attacks may significantly impact additional products. Successful attacks of this vulnerability can result in takeover of Oracle Solaris. Note: This CVE is not exploitable for Solaris 11.1 and later releases, and ZFSSA 8.7 and later releases, thus the CVSS Base Score is 0.0. CVSS 3.1 Base Score 10.0 (Confidentiality, Integrity and Availability impacts). CVSS Vector: (CVSS:3.1/AV:N/AC:L/PR:N/UI:N/S:C/C:H/I:H/A:H).",Oracle Corporation,Solaris Operating System,"10, 11",0.88872,0.995,zip,Critique,8.8872
CERTFR-2023-ALE-012,Alerte,[MàJ] Vulnérabilité dans Citrix NetScaler ADC et NetScaler Gateway,2023-10-23,https://www.cert.ssi.gouv.fr/alerte/CERTFR-2023-ALE-012/,1,CVE-2023-4966,2023,9.4,CRITICAL,cvssV3_1,CWE-119,CWE-119 Improper Restriction of Operations within the Bounds of a Memory Buffer,"Sensitive information disclosure in NetScaler ADC and NetScaler Gateway when configured as a Gateway (VPN virtual server, ICA Proxy, CVPN, RDP Proxy) or AAA  virtual server. 



",Citrix,NetScaler ADC ,"14.1, 13.1, 13.0, 13.1-FIPS, 12.1-FIPS",0.94348,0.99954,zip,Critique,8.868712
CERTFR-2024-AVI-0784,Avis,Vulnérabilité dans Ivanti Cloud Service Appliance,2024-09-17,https://www.cert.ssi.gouv.fr/avis/CERTFR-2024-AVI-0784/,2,CVE-2024-8963,2024,9.4,CRITICAL,cvssV3_1,CWE-22,CWE-22 Improper Limitation of a Pathname to a Restricted Directory ('Path Traversal'),Path Traversal in the Ivanti CSA before 4.6 Patch 519 allows a remote unauthenticated attacker to access restricted functionality.,Ivanti,CSA (Cloud Services Appliance),,0.94225,0.99919,zip,Critique,8.85715
CERTFR-2024-AVI-0106,Avis,Multiples vulnérabilités dans Fortinet FortiSIEM,2024-02-08,https://www.cert.ssi.gouv.fr/avis/CERTFR-2024-AVI-0106/,3,CVE-2024-23108,2024,9.7,CRITICAL,cvssV3_1,CWE-78,Execute unauthorized code or commands,An improper neutralization of special elements used in an os command ('os command injection') in Fortinet FortiSIEM version 7.1.0 through 7.1.1 and 7.0.0 through 7.0.2 and 6.7.0 through 6.7.8 and 6.6.0 through 6.6.3 and 6.5.0 through 6.5.2 and 6.4.0 through 6.4.2 allows attacker to execute unauthorized code or commands via via crafted API requests.,Fortinet,FortiSIEM,"7.1.0, 7.0.0, 6.7.0, 6.6.0, 6.5.0",0.91253,0.99631,zip,Critique,8.851541
CERTFR-2023-AVI-0939,Avis,Multiples vulnérabilités dans les produits Adobe,2023-11-15,https://www.cert.ssi.gouv.fr/avis/CERTFR-2023-AVI-0939/,23,CVE-2023-44353,2023,9.8,CRITICAL,cvssV3_1,CWE-502,Deserialization of Untrusted Data (CWE-502),Adobe ColdFusion versions 2023.5 (and earlier) and 2021.11 (and earlier) are affected by an Deserialization of Untrusted Data vulnerability that could result in Arbitrary code execution. Exploitation of this issue does not require user interaction.,Adobe,ColdFusion,0,0.90264,0.99576,zip,Critique,8.845872
CERTFR-2024-AVI-0899,Avis,Vulnérabilité dans Grafana,2024-10-18,https://www.cert.ssi.gouv.fr/avis/CERTFR-2024-AVI-0899/,1,CVE-2024-9264,2024,9.4,CRITICAL,cvssV4_0,CWE-94,CWE-94: Improper Control of Generation of Code ('Code Injection'),"The SQL Expressions experimental feature of Grafana allows for the evaluation of `duckdb` queries containing user input. These queries are insufficiently sanitized before being passed to `duckdb`, leading to a command injection and local file inclusion vulnerability. Any user with the VIEWER or higher permission is capable of executing this attack.  The `duckdb` binary must be present in Grafana's $PATH for this attack to function; by default, this binary is not installed in Grafana distributions.",Grafana,Grafana,"11.0.0, 11.1.0, 11.2.0, 11.0.0, 11.1.0",0.93989,0.99883,zip,Critique,8.834966
CERTFR-2024-AVI-0681,Avis,Multiples vulnérabilités dans Microsoft Windows,2024-08-14,https://www.cert.ssi.gouv.fr/avis/CERTFR-2024-AVI-0681/,65,CVE-2024-38063,2024,9.8,CRITICAL,cvssV3_1,CWE-191,CWE-191: Integer Underflow (Wrap or Wraparound),Windows TCP/IP Remote Code Execution Vulnerability,Microsoft,Windows 10 Version 1809,10.0.17763.0,0.89875,0.9955,zip,Critique,8.80775
CERTFR-2025-ALE-010,Alerte,[MàJ] Multiples vulnérabilités dans Microsoft SharePoint,2025-07-21,https://www.cert.ssi.gouv.fr/alerte/CERTFR-2025-ALE-010/,2,CVE-2025-53770,2025,9.8,CRITICAL,cvssV3_1,CWE-502,CWE-502: Deserialization of Untrusted Data,"Deserialization of untrusted data in on-premises Microsoft SharePoint Server allows an unauthorized attacker to execute code over a network.
Microsoft is aware that an exploit for CVE-2025-53770 exists in the wild.
Microsoft is preparing and fully testing a comprehensive update to address this vulnerability.  In the meantime, please make sure that the mitigation provided in this CVE documentation is in place so that you are protected from exploitation.",Microsoft,Microsoft SharePoint Enterprise Server 2016,16.0.0,0.89607,0.99536,zip,Critique,8.781486000000001
CERTFR-2023-AVI-0970,Avis,Multiples vulnérabilités dans les produits OwnCloud,2023-11-22,https://www.cert.ssi.gouv.fr/avis/CERTFR-2023-AVI-0970/,3,CVE-2023-49105,2023,9.8,CRITICAL,cvssV3_1,,,"An issue was discovered in ownCloud owncloud/core before 10.13.1. An attacker can access, modify, or delete any file without authentication if the username of a victim is known, and the victim has no signing-key configured. This occurs because pre-signed URLs can be accepted even when no signing-key is configured for the owner of the files. The earliest affected version is 10.6.0.",,,,0.89605,0.99536,zip,Critique,8.78129
CERTFR-2024-ALE-015,Alerte,[MàJ] Multiples vulnérabilités sur l'interface d'administration des équipements Palo Alto Networks,2024-11-15,https://www.cert.ssi.gouv.fr/alerte/CERTFR-2024-ALE-015/,2,CVE-2024-0012,2024,9.3,CRITICAL,cvssV4_0,CWE-306,CWE-306 Missing Authentication for Critical Function,"An authentication bypass in Palo Alto Networks PAN-OS software enables an unauthenticated attacker with network access to the management web interface to gain PAN-OS administrator privileges to perform administrative actions, tamper with the configuration, or exploit other authenticated privilege escalation vulnerabilities like  CVE-2024-9474 https://security.paloaltonetworks.com/CVE-2024-9474 .

The risk of this issue is greatly reduced if you secure access to the management web interface by restricting access to only trusted internal IP addresses according to our recommended  best practice deployment guidelines https://live.paloaltonetworks.com/t5/community-blogs/tips-amp-tricks-how-to-secure-the-management-access-of-your-palo/ba-p/464431 .

This issue is applicable only to PAN-OS 10.2, PAN-OS 11.0, PAN-OS 11.1, and PAN-OS 11.2 software.

Cloud NGFW and Prisma Access are not impacted by this vulnerability.",Palo Alto Networks,Cloud NGFW,,0.943,0.99939,zip,Critique,8.7699
CERTFR-2024-AVI-0212,Avis,Multiples vulnérabilités dans les produits Fortinet,2024-03-13,https://www.cert.ssi.gouv.fr/avis/CERTFR-2024-AVI-0212/,9,CVE-2023-48788,2024,9.3,CRITICAL,cvssV3_1,CWE-89,Execute unauthorized code or commands,"A improper neutralization of special elements used in an sql command ('sql injection') in Fortinet FortiClientEMS version 7.2.0 through 7.2.2, FortiClientEMS 7.0.1 through 7.0.10 allows attacker to execute unauthorized code or commands via specially crafted packets.",Fortinet,FortiClientEMS,"7.2.0, 7.0.1",0.9416,0.99909,zip,Critique,8.75688
CERTFR-2022-ALE-012,Alerte,[MàJ] Vulnérabilité dans FortiOS SSL-VPN,2022-12-13,https://www.cert.ssi.gouv.fr/alerte/CERTFR-2022-ALE-012/,1,CVE-2022-42475,2022,9.3,CRITICAL,cvssV3_1,CWE-197,Execute unauthorized code or commands,"A heap-based buffer overflow vulnerability [CWE-122] in FortiOS SSL-VPN 7.2.0 through 7.2.2, 7.0.0 through 7.0.8, 6.4.0 through 6.4.10, 6.2.0 through 6.2.11, 6.0.15 and earlier  and FortiProxy SSL-VPN 7.2.0 through 7.2.1, 7.0.7 and earlier may allow a remote unauthenticated attacker to execute arbitrary code or commands via specifically crafted requests.",Fortinet,FortiProxy,"7.2.0, 7.0.0, 2.0.0, 1.2.0, 1.1.0",0.94005,0.99886,zip,Critique,8.742465000000001
CERTFR-2024-AVI-0859,Avis,Multiples vulnérabilités dans les produits Palo Alto Networks,2024-10-10,https://www.cert.ssi.gouv.fr/avis/CERTFR-2024-AVI-0859/,25,CVE-2024-9465,2024,9.2,CRITICAL,cvssV4_0,CWE-89,CWE-89 Improper Neutralization of Special Elements used in an SQL Command ('SQL Injection'),"An SQL injection vulnerability in Palo Alto Networks Expedition allows an unauthenticated attacker to reveal Expedition database contents, such as password hashes, usernames, device configurations, and device API keys. With this, attackers can also create and read arbitrary files on the Expedition system.",Palo Alto Networks,Expedition,1.2.0,0.94286,0.99934,zip,Critique,8.674312
CERTFR-2026-AVI-0099,Avis,Multiples vulnérabilités dans SolarWinds Web Help Desk,2026-01-28,https://www.cert.ssi.gouv.fr/avis/CERTFR-2026-AVI-0099/,6,CVE-2025-40551,2026,9.8,CRITICAL,cvssV3_1,CWE-502,CWE-502 Deserialization of Untrusted Data,"SolarWinds Web Help Desk was found to be susceptible to an untrusted data deserialization vulnerability that could lead to remote code execution, which would allow an attacker to run commands on the host machine. This could be exploited without authentication.",SolarWinds,Web Help Desk,12.8.8 HF1 and below,0.87872,0.99493,zip,Critique,8.611456
CERTFR-2024-AVI-1069,Avis,Multiples vulnérabilités dans Microsoft Windows,2024-12-11,https://www.cert.ssi.gouv.fr/avis/CERTFR-2024-AVI-1069/,59,CVE-2024-49112,2024,9.8,CRITICAL,cvssV3_1,CWE-190,CWE-190: Integer Overflow or Wraparound,Windows Lightweight Directory Access Protocol (LDAP) Remote Code Execution Vulnerability,Microsoft,Windows 10 Version 1809,10.0.17763.0,0.87774,0.99445,zip,Critique,8.601852000000001
CERTFR-2024-AVI-0500,Avis,Multiples vulnérabilités dans Elastic Kibana,2024-06-17,https://www.cert.ssi.gouv.fr/avis/CERTFR-2024-AVI-0500/,4,CVE-2024-3094,2024,10.0,CRITICAL,cvssV3_1,CWE-506,Embedded Malicious Code,"Malicious code was discovered in the upstream tarballs of xz, starting with version 5.6.0. 
Through a series of complex obfuscations, the liblzma build process extracts a prebuilt object file from a disguised test file existing in the source code, which is then used to modify specific functions in the liblzma code. This results in a modified liblzma library that can be used by any software linked against this library, intercepting and modifying the data interaction with this library.",,,"5.6.0, 5.6.1",0.85995,0.99365,zip,Critique,8.599499999999999
CERTFR-2024-ALE-001,Alerte,[MàJ] Multiples vulnérabilités dans Ivanti Connect Secure et Policy Secure Gateways,2024-01-11,https://www.cert.ssi.gouv.fr/alerte/CERTFR-2024-ALE-001/,5,CVE-2024-21887,2024,9.1,CRITICAL,cvssV3_0,,,"A command injection vulnerability in web components of Ivanti Connect Secure (9.x, 22.x) and Ivanti Policy Secure (9.x, 22.x)  allows an authenticated administrator to send specially crafted requests and execute arbitrary commands on the appliance.",Ivanti,ICS,"9.1R18, 22.6R2",0.94412,0.99977,zip,Critique,8.591491999999999
CERTFR-2021-ALE-004,Alerte,[MàJ] Multiples vulnérabilités dans Microsoft Exchange Server,2021-03-03,https://www.cert.ssi.gouv.fr/alerte/CERTFR-2021-ALE-004/,7,CVE-2021-26855,2021,9.1,CRITICAL,cvssV3_1,,Remote Code Execution,Microsoft Exchange Server Remote Code Execution Vulnerability,Microsoft,Microsoft Exchange Server 2016 Cumulative Update 19,15.01.0,0.94351,0.99955,zip,Critique,8.585941
CERTFR-2024-AVI-0714,Avis,Vulnérabilité dans SolarWinds Web Help Desk,2024-08-23,https://www.cert.ssi.gouv.fr/avis/CERTFR-2024-AVI-0714/,1,CVE-2024-28987,2024,9.1,CRITICAL,cvssV3_1,CWE-798,CWE-798 Use of Hard-coded Credentials,"The SolarWinds Web Help Desk (WHD) software is affected by a hardcoded credential vulnerability, allowing remote unauthenticated user to access internal functionality and modify data.",SolarWinds,Web Help Desk,12.8.3 Hotfix 1 and previous versions,0.9429,0.99935,zip,Critique,8.58039
CERTFR-2021-ALE-017,Alerte,Multiples vulnérabilités dans Microsoft Exchange,2021-08-27,https://www.cert.ssi.gouv.fr/alerte/CERTFR-2021-ALE-017/,3,CVE-2021-34473,2021,9.1,CRITICAL,cvssV3_1,,Remote Code Execution,Microsoft Exchange Server Remote Code Execution Vulnerability,Microsoft,Microsoft Exchange Server 2013 Cumulative Update 23,15.00.0,0.9423,0.99921,zip,Critique,8.57493
CERTFR-2023-AVI-0597,Avis,Multiples vulnérabilités dans IBM Cognos Analytics,2023-07-28,https://www.cert.ssi.gouv.fr/avis/CERTFR-2023-AVI-0597/,20,CVE-2022-36067,2023,10.0,CRITICAL,cvssV3_1,CWE-913,CWE-913: Improper Control of Dynamically-Managed Code Resources,"vm2 is a sandbox that can run untrusted code with whitelisted Node's built-in modules. In versions prior to version 3.9.11, a threat actor can bypass the sandbox protections to gain remote code execution rights on the host running the sandbox. This vulnerability was patched in the release of version 3.9.11 of vm2. There are no known workarounds.",patriksimek,vm2,< 3.9.11,0.85411,0.99333,zip,Critique,8.5411
CERTFR-2024-AVI-0557,Avis,Multiples vulnérabilités dans Microsoft Windows,2024-07-10,https://www.cert.ssi.gouv.fr/avis/CERTFR-2024-AVI-0557/,87,CVE-2024-38077,2024,9.8,CRITICAL,cvssV3_1,CWE-122,CWE-122: Heap-based Buffer Overflow,Windows Remote Desktop Licensing Service Remote Code Execution Vulnerability,Microsoft,Windows Server 2019,10.0.17763.0,0.87069,0.99416,zip,Critique,8.532762
CERTFR-2023-AVI-0227,Avis,Multiples vulnérabilités dans les produits Adobe,2023-03-15,https://www.cert.ssi.gouv.fr/avis/CERTFR-2023-AVI-0227/,7,CVE-2023-26359,2023,9.8,CRITICAL,cvssV3_1,CWE-502,Deserialization of Untrusted Data (CWE-502),Adobe ColdFusion versions 2018 Update 15 (and earlier) and 2021 Update 5 (and earlier) are affected by a Deserialization of Untrusted Data vulnerability that could result in arbitrary code execution in the context of the current user. Exploitation of this issue does not require user interaction.,Adobe,ColdFusion,"unspecified, unspecified",0.86789,0.99401,zip,Critique,8.505322000000001
CERTFR-2021-ALE-015,Alerte,Multiples vulnérabilités dans SolarWinds Serv-U,2021-07-13,https://www.cert.ssi.gouv.fr/alerte/CERTFR-2021-ALE-015/,1,CVE-2021-35211,2021,9.0,CRITICAL,cvssV3_1,,Memory Escape Vulnerability in Solarwinds Serv-U,"Microsoft discovered a remote code execution (RCE) vulnerability in the SolarWinds Serv-U product utilizing a Remote Memory Escape Vulnerability. If exploited, a threat actor may be able to gain privileged access to the machine hosting Serv-U Only. SolarWinds Serv-U Managed File Transfer and Serv-U Secure FTP for Windows before 15.2.3 HF2 are affected by this vulnerability.",SolarWinds,Serv-U Managed File Transfer Server and Serv-U Secured FTP,SolarWinds Serv-U,0.94321,0.99946,zip,Critique,8.48889
CERTFR-2025-ALE-001,Alerte,[MàJ] Vulnérabilité dans les produits Ivanti,2025-01-09,https://www.cert.ssi.gouv.fr/alerte/CERTFR-2025-ALE-001/,2,CVE-2025-0282,2025,9.0,CRITICAL,cvssV3_1,CWE-121,CWE-121: Stack-based Buffer Overflow,"A stack-based buffer overflow in Ivanti Connect Secure before version 22.7R2.5, Ivanti Policy Secure before version 22.7R1.2, and Ivanti Neurons for ZTA gateways before version 22.7R2.3 allows a remote unauthenticated attacker to achieve remote code execution.",Ivanti,Connect Secure,22.7R2,0.94129,0.99916,zip,Critique,8.47161
CERTFR-2024-AVI-0567,Avis,Multiples vulnérabilités dans les produits Palo Alto Networks,2024-07-11,https://www.cert.ssi.gouv.fr/avis/CERTFR-2024-AVI-0567/,5,CVE-2024-5910,2024,9.3,CRITICAL,cvssV4_0,CWE-306,CWE-306 Missing Authentication for Critical Function,"Missing authentication for a critical function in Palo Alto Networks Expedition can lead to an Expedition admin account takeover for attackers with network access to Expedition.

Note: Expedition is a tool aiding in configuration migration, tuning, and enrichment. Configuration secrets, credentials, and other data imported into Expedition is at risk due to this issue.",Palo Alto Networks,Expedition,1.2,0.91029,0.99618,zip,Critique,8.465697
CERTFR-2021-ALE-017,Alerte,Multiples vulnérabilités dans Microsoft Exchange,2021-08-27,https://www.cert.ssi.gouv.fr/alerte/CERTFR-2021-ALE-017/,3,CVE-2021-34523,2021,9.0,CRITICAL,cvssV3_1,,Elevation of Privilege,Microsoft Exchange Server Elevation of Privilege Vulnerability,Microsoft,Microsoft Exchange Server 2013 Cumulative Update 23,15.00.0,0.93998,0.99885,zip,Critique,8.45982
CERTFR-2024-AVI-0563,Avis,Multiples vulnérabilités dans les produits Citrix,2024-07-10,https://www.cert.ssi.gouv.fr/avis/CERTFR-2024-AVI-0563/,9,CVE-2024-6235,2024,9.4,CRITICAL,cvssV4_0,,,Sensitive information disclosure in NetScaler Console,NetScaler,NetScaler Console,14.1,0.89928,0.99554,zip,Critique,8.453232
CERTFR-2025-AVI-0337,Avis,Multiples vulnérabilités dans les produits IBM,2025-04-18,https://www.cert.ssi.gouv.fr/avis/CERTFR-2025-AVI-0337/,69,CVE-2025-1302,2025,9.8,CRITICAL,cvssV3_1,CWE-94,Remote Code Execution (RCE),"Versions of the package jsonpath-plus before 10.3.0 are vulnerable to Remote Code Execution (RCE) due to improper input sanitization. An attacker can execute aribitrary code on the system by exploiting the unsafe default usage of eval='safe' mode.**Note:**This is caused by an incomplete fix for [CVE-2024-21534](https://security.snyk.io/vuln/SNYK-JS-JSONPATHPLUS-7945884).",,jsonpath-plus,0,0.85805,0.99352,zip,Critique,8.40889
CERTFR-2022-ALE-007,Alerte,Multiples vulnérabilités dans Microsoft Windows,2022-09-16,https://www.cert.ssi.gouv.fr/alerte/CERTFR-2022-ALE-007/,3,CVE-2022-34718,2022,9.8,CRITICAL,cvssV3_1,,Remote Code Execution,Windows TCP/IP Remote Code Execution Vulnerability,Microsoft,Windows 10 Version 1809,10.0.17763.0,0.85781,0.99349,zip,Critique,8.406538
CERTFR-2025-AVI-1014,Avis,Vulnérabilité dans Fortinet FortiWeb,2025-11-14,https://www.cert.ssi.gouv.fr/avis/CERTFR-2025-AVI-1014/,1,CVE-2025-64446,2025,9.4,CRITICAL,cvssV3_1,CWE-23,Escalation of privilege,"A relative path traversal vulnerability in Fortinet FortiWeb 8.0.0 through 8.0.1, FortiWeb 7.6.0 through 7.6.4, FortiWeb 7.4.0 through 7.4.9, FortiWeb 7.2.0 through 7.2.11, FortiWeb 7.0.0 through 7.0.11 may allow an attacker to execute administrative commands on the system via crafted HTTP or HTTPS requests.",Fortinet,FortiWeb,"8.0.0, 7.6.0, 7.4.0, 7.2.0, 7.0.0",0.89428,0.99528,zip,Critique,8.406232
CERTFR-2026-AVI-0594,Avis,Multiples vulnérabilités dans les produits Cisco,2026-05-15,https://www.cert.ssi.gouv.fr/avis/CERTFR-2026-AVI-0594/,4,CVE-2026-20182,2026,10.0,CRITICAL,cvssV3_1,CWE-287,Improper Authentication,"May 2026: This security advisory provides the details and fix information for a vulnerability that was discovered and fixed after the  was disclosed in February 2026. This new advisory is for a new vulnerability in the control connection handshaking. The  section of this advisory includes Show Control Connections guidance to help with system checks.&nbsp;

A vulnerability in the peering authentication in Cisco Catalyst SD-WAN Controller, formerly SD-WAN vSmart, and Cisco Catalyst SD-WAN Manager, formerly SD-WAN vManage, could allow an unauthenticated, remote attacker to bypass authentication and obtain administrative privileges on an affected system.
This vulnerability exists because the peering authentication mechanism in an affected system is not working properly. An attacker could exploit this vulnerability by sending crafted requests to the affected system. A successful exploit could allow the attacker to log in to an affected Cisco Catalyst SD-WAN Controller as an internal, high-privileged, non-root user account. Using this account, the attacker could access NETCONF, which would then allow the attacker to manipulate network configuration for the SD-WAN fabric.",Cisco,Cisco Catalyst SD-WAN Manager,"20.1.12, 19.2.1, 18.4.4, 18.4.5, 20.1.1.1",0.83838,0.99313,zip,Critique,8.3838
CERTFR-2025-AVI-0760,Avis,Multiples vulnérabilités dans les produits IBM,2025-09-05,https://www.cert.ssi.gouv.fr/avis/CERTFR-2025-AVI-0760/,134,CVE-2025-29927,2025,9.1,CRITICAL,cvssV3_1,CWE-285,CWE-285: Improper Authorization,"Next.js is a React framework for building full-stack web applications. Starting in version 1.11.4 and prior to versions 12.3.5, 13.5.9, 14.2.25, and 15.2.3, it is possible to bypass authorization checks within a Next.js application, if the authorization check occurs in middleware. If patching to a safe version is infeasible, it is recommend that you prevent external user requests which contain the x-middleware-subrequest header from reaching your Next.js application. This vulnerability is fixed in 12.3.5, 13.5.9, 14.2.25, and 15.2.3.",vercel,next.js,">= 11.1.4, < 12.3.5, >= 14.0.0, < 14.2.25, >= 15.0.0, < 15.2.3, >= 13.0.0, < 13.5.9",0.92118,0.99724,zip,Critique,8.382738
CERTFR-2026-AVI-0337,Avis,Multiples vulnérabilités dans les produits Citrix,2026-03-23,https://www.cert.ssi.gouv.fr/avis/CERTFR-2026-AVI-0337/,2,CVE-2026-3055,2026,9.3,CRITICAL,cvssV4_0,CWE-125,CWE-125 Out-of-bounds Read,Insufficient input validation in NetScaler ADC and NetScaler Gateway when configured as a SAML IDP leading to memory overread,NetScaler,ADC,"14.1, 13.1, 13.1 FIPS and NDcPP",0.89915,0.99595,zip,Critique,8.362095
CERTFR-2024-AVI-1066,Avis,Vulnérabilité dans Apache Struts,2024-12-11,https://www.cert.ssi.gouv.fr/avis/CERTFR-2024-AVI-1066/,1,CVE-2024-53677,2024,9.5,CRITICAL,cvssV4_0,,File upload logic is flawed,"File upload logic in Apache Struts is flawed. An attacker can manipulate file upload params to enable paths traversal and under some circumstances this can lead to uploading a malicious file which can be used to perform Remote Code Execution.

This issue affects Apache Struts: from 2.0.0 before 6.4.0.

Users are recommended to upgrade to version 6.4.0 at least and migrate to the new  file upload mechanism https://struts.apache.org/core-developers/file-upload . If you are not using an old file upload logic based on FileuploadInterceptor your application is safe.

You can find more details in  https://cwiki.apache.org/confluence/display/WW/S2-067",Apache Software Foundation,Apache Struts,2.0.0,0.87849,0.99451,zip,Critique,8.345655
CERTFR-2023-ALE-004,Alerte,Vulnérabilité dans les produits Fortinet,2023-06-13,https://www.cert.ssi.gouv.fr/alerte/CERTFR-2023-ALE-004/,1,CVE-2023-27997,2023,9.2,CRITICAL,cvssV3_1,CWE-122,Execute unauthorized code or commands,"A heap-based buffer overflow vulnerability [CWE-122] in FortiOS version 7.2.4 and below, version 7.0.11 and below, version 6.4.12 and below, version 6.0.16 and below and FortiProxy version 7.2.3 and below, version 7.0.9 and below, version 2.0.12 and below, version 1.2 all versions, version 1.1 all versions SSL-VPN may allow a remote attacker to execute arbitrary code or commands via specifically crafted requests.",Fortinet,FortiOS-6K7K,"7.0.10, 7.0.5, 6.4.12, 6.4.10, 6.4.8",0.90645,0.99596,zip,Critique,8.33934
CERTFR-2024-AVI-0739,Avis,Multiples vulnérabilités dans les produits Cisco,2024-09-05,https://www.cert.ssi.gouv.fr/avis/CERTFR-2024-AVI-0739/,3,CVE-2024-20439,2024,9.8,CRITICAL,cvssV3_1,CWE-912,Hidden Functionality,"A vulnerability in Cisco Smart Licensing Utility could allow an unauthenticated, remote attacker to log in to an affected system by using a static administrative credential.

This vulnerability is due to an undocumented static user credential for an administrative account. An attacker could exploit this vulnerability by using the static credentials to log in to the affected system. A successful exploit could allow the attacker to log in to the affected system with administrative privileges over the API of the Cisco Smart Licensing Utility application.",Cisco,Cisco Smart License Utility,"2.1.0, 2.0.0, 2.2.0",0.84893,0.9931,zip,Critique,8.319514
CERTFR-2023-AVI-0597,Avis,Multiples vulnérabilités dans IBM Cognos Analytics,2023-07-28,https://www.cert.ssi.gouv.fr/avis/CERTFR-2023-AVI-0597/,20,CVE-2023-30547,2023,9.8,CRITICAL,cvssV3_1,CWE-74,CWE-74: Improper Neutralization of Special Elements in Output Used by a Downstream Component ('Injection'),"vm2 is a sandbox that can run untrusted code with whitelisted Node's built-in modules. There exists a vulnerability in exception sanitization of vm2 for versions up to 3.9.16, allowing attackers to raise an unsanitized host exception inside `handleException()` which can be used to escape the sandbox and run arbitrary code in host context. This vulnerability was patched in the release of version `3.9.17` of `vm2`. There are no known workarounds for this vulnerability. Users are advised to upgrade.",patriksimek,vm2,< 3.9.17,0.83556,0.99258,zip,Critique,8.188488
CERTFR-2024-AVI-0520,Avis,Multiples vulnérabilités dans les produits Progress,2024-06-26,https://www.cert.ssi.gouv.fr/avis/CERTFR-2024-AVI-0520/,2,CVE-2024-5806,2024,9.1,CRITICAL,cvssV3_1,CWE-287,CWE-287 Improper Authentication,"Improper Authentication vulnerability in Progress MOVEit Transfer (SFTP module) can lead to Authentication Bypass.This issue affects MOVEit Transfer: from 2023.0.0 before 2023.0.11, from 2023.1.0 before 2023.1.6, from 2024.0.0 before 2024.0.2.",Progress,MOVEit Transfer,"2023.0.0, 2023.1.0, 2024.0.0",0.89937,0.99554,zip,Critique,8.184267
CERTFR-2024-AVI-0624,Avis,Vulnérabilité dans Spring Cloud Skipper,2024-07-25,https://www.cert.ssi.gouv.fr/avis/CERTFR-2024-AVI-0624/,1,CVE-2024-37084,2024,9.8,CRITICAL,cvssV3_1,,,"In Spring Cloud Data Flow versions prior to 2.11.4,  a malicious user who has access to the Skipper server api can use a crafted upload request to write an arbitrary file to any location on the file system which could lead to compromising the server",Spring,Spring Cloud Data Flow,2.11.x,0.83304,0.99248,zip,Critique,8.163792
CERTFR-2026-AVI-0110,Avis,Multiples vulnérabilités Ivanti Endpoint Manager Mobile (EPMM),2026-01-30,https://www.cert.ssi.gouv.fr/avis/CERTFR-2026-AVI-0110/,2,CVE-2026-1281,2026,9.8,CRITICAL,cvssV3_1,CWE-94,CWE-94 Improper Control of Generation of Code ('Code Injection'),A code injection in Ivanti Endpoint Manager Mobile allowing attackers to achieve unauthenticated remote code execution.,Ivanti,Endpoint Manager Mobile,,0.81586,0.99206,zip,Critique,7.995428000000001
CERTFR-2024-AVI-0685,Avis,Vulnérabilité dans SolarWinds Web Help Desk,2024-08-16,https://www.cert.ssi.gouv.fr/avis/CERTFR-2024-AVI-0685/,1,CVE-2024-28986,2024,9.8,CRITICAL,cvssV3_1,CWE-502,CWE-502 Deserialization of Untrusted Data,"SolarWinds Web Help Desk was found to be susceptible to a Java Deserialization Remote Code Execution vulnerability that, if exploited, would allow an attacker to run commands on the host machine. 

While it was reported as an unauthenticated vulnerability, SolarWinds has been unable to reproduce it without authentication after thorough testing.  

However, out of an abundance of caution, we recommend all Web Help Desk customers apply the patch, which is now available.",SolarWinds,Web Help Desk,previous versions,0.81538,0.99142,zip,Critique,7.990724
CERTFR-2024-AVI-0851,Avis,Multiples vulnérabilités dans les produits Ivanti,2024-10-09,https://www.cert.ssi.gouv.fr/avis/CERTFR-2024-AVI-0851/,6,CVE-2024-37404,2024,9.1,CRITICAL,cvssV3_0,,,"Improper Input Validation in the admin portal of Ivanti Connect Secure before 22.7R2.1 and 9.1R18.9, or Ivanti Policy Secure before 22.7R1.1 allows a remote authenticated attacker to achieve remote code execution.",Ivanti,Connect Secure,"22.7R2.1, 9.1R18.9",0.87194,0.99422,zip,Critique,7.934654
CERTFR-2024-AVI-0106,Avis,Multiples vulnérabilités dans Fortinet FortiSIEM,2024-02-08,https://www.cert.ssi.gouv.fr/avis/CERTFR-2024-AVI-0106/,3,CVE-2023-34992,2024,9.6,CRITICAL,cvssV3_1,CWE-78,Execute unauthorized code or commands,A improper neutralization of special elements used in an os command ('os command injection') in Fortinet FortiSIEM version 7.0.0 and 6.7.0 through 6.7.5 and 6.6.0 through 6.6.3 and 6.5.0 through 6.5.1 and 6.4.0 through 6.4.2 allows attacker to execute unauthorized code or commands via crafted API requests.,Fortinet,FortiSIEM,"7.0.0, 6.7.0, 6.6.0, 6.5.0, 6.4.0",0.81892,0.99164,zip,Critique,7.861631999999999
CERTFR-2023-AVI-0597,Avis,Multiples vulnérabilités dans IBM Cognos Analytics,2023-07-28,https://www.cert.ssi.gouv.fr/avis/CERTFR-2023-AVI-0597/,20,CVE-2023-29017,2023,10.0,CRITICAL,cvssV3_1,CWE-913,CWE-913: Improper Control of Dynamically-Managed Code Resources,"vm2 is a sandbox that can run untrusted code with whitelisted Node's built-in modules. Prior to version 3.9.15, vm2 was not properly handling host objects passed to `Error.prepareStackTrace` in case of unhandled async errors. A threat actor could bypass the sandbox protections to gain remote code execution rights on the host running the sandbox. This vulnerability was patched in the release of version 3.9.15 of vm2. There are no known workarounds.",patriksimek,vm2,< 3.9.15,0.7806,0.98967,zip,Critique,7.805999999999999
CERTFR-2024-AVI-0792,Avis,Multiples vulnérabilités dans VMware vCenter Server,2024-09-18,https://www.cert.ssi.gouv.fr/avis/CERTFR-2024-AVI-0792/,2,CVE-2024-38812,2024,9.8,CRITICAL,cvssV3_1,CWE-122,CWE-122 Heap-based Buffer Overflow,The vCenter Server contains a heap-overflow vulnerability in the implementation of the DCERPC protocol. A malicious actor with network access to vCenter Server may trigger this vulnerability by sending a specially crafted network packet potentially leading to remote code execution.,,VMware vCenter Server,"8.0, 7.0",0.79504,0.99041,zip,Critique,7.791392
CERTFR-2023-AVI-0146,Avis,Multiples vulnérabilités dans les produits Fortinet,2023-02-17,https://www.cert.ssi.gouv.fr/avis/CERTFR-2023-AVI-0146/,39,CVE-2021-42756,2023,9.3,CRITICAL,cvssV3_1,CWE-121,Execute unauthorized code or commands,"Multiple stack-based buffer overflow vulnerabilities [CWE-121] in the proxy daemon of FortiWeb 5.x all versions, 6.0.7 and below, 6.1.2 and below, 6.2.6 and below, 6.3.16 and below, 6.4 all versions may allow an unauthenticated remote attacker to achieve arbitrary code execution via specifically crafted HTTP requests.",Fortinet,FortiWeb,"6.4.0, 6.3.0, 6.2.0, 6.1.0, 6.0.0",0.83169,0.9924,zip,Critique,7.734717000000001
CERTFR-2024-AVI-0859,Avis,Multiples vulnérabilités dans les produits Palo Alto Networks,2024-10-10,https://www.cert.ssi.gouv.fr/avis/CERTFR-2024-AVI-0859/,25,CVE-2024-9464,2024,9.3,CRITICAL,cvssV4_0,CWE-78,CWE-78 Improper Neutralization of Special Elements used in an OS Command ('OS Command Injection'),"An OS command injection vulnerability in Palo Alto Networks Expedition allows an authenticated attacker to run arbitrary OS commands as root in Expedition, resulting in disclosure of usernames, cleartext passwords, device configurations, and device API keys of PAN-OS firewalls.",Palo Alto Networks,Expedition,1.2.0,0.83054,0.99231,zip,Critique,7.724022
CERTFR-2023-AVI-0569,Avis,Multiples vulnérabilités dans Adobe ColdFusion,2023-07-20,https://www.cert.ssi.gouv.fr/avis/CERTFR-2023-AVI-0569/,3,CVE-2023-38204,2023,9.8,CRITICAL,cvssV3_1,CWE-502,Deserialization of Untrusted Data (CWE-502),"Adobe ColdFusion versions 2018u18 (and earlier), 2021u8 (and earlier) and 2023u2 (and earlier) are affected by a Deserialization of Untrusted Data vulnerability that could result in Arbitrary code execution. Exploitation of this issue does not require user interaction.",Adobe,ColdFusion,0,0.77995,0.98964,zip,Critique,7.643510000000001
CERTFR-2025-AVI-0879,Avis,Multiples vulnérabilités dans Microsoft Windows,2025-10-15,https://www.cert.ssi.gouv.fr/avis/CERTFR-2025-AVI-0879/,135,CVE-2025-59287,2025,9.8,CRITICAL,cvssV3_1,CWE-502,CWE-502: Deserialization of Untrusted Data,Deserialization of untrusted data in Windows Server Update Service allows an unauthorized attacker to execute code over a network.,Microsoft,Windows Server 2019,10.0.17763.0,0.77979,0.98963,zip,Critique,7.641942
CERTFR-2025-AVI-0039,Avis,Multiples vulnérabilités dans Microsoft Windows,2025-01-15,https://www.cert.ssi.gouv.fr/avis/CERTFR-2025-AVI-0039/,135,CVE-2025-21298,2025,9.8,CRITICAL,cvssV3_1,CWE-416,CWE-416: Use After Free,Windows OLE Remote Code Execution Vulnerability,Microsoft,Windows 10 Version 1809,10.0.17763.0,0.74032,0.98783,zip,Critique,7.255136
CERTFR-2024-AVI-0403,Avis,Multiples vulnérabilités dans les produits Microsoft,2024-05-15,https://www.cert.ssi.gouv.fr/avis/CERTFR-2024-AVI-0403/,11,CVE-2024-32002,2024,9.1,CRITICAL,cvssV3_1,CWE-22,CWE-22: Improper Limitation of a Pathname to a Restricted Directory ('Path Traversal'),"Git is a revision control system. Prior to versions 2.45.1, 2.44.1, 2.43.4, 2.42.2, 2.41.1, 2.40.2, and 2.39.4, repositories with submodules can be crafted in a way that exploits a bug in Git whereby it can be fooled into writing files not into the submodule's worktree but into a `.git/` directory. This allows writing a hook that will be executed while the clone operation is still running, giving the user no opportunity to inspect the code that is being executed. The problem has been patched in versions 2.45.1, 2.44.1, 2.43.4, 2.42.2, 2.41.1, 2.40.2, and 2.39.4. If symbolic link support is disabled in Git (e.g. via `git config --global core.symlinks false`), the described attack won't work. As always, it is best to avoid cloning repositories from untrusted sources.",git,git,"= 2.45.0, = 2.44.0, >= 2.43.0, < 2.43.4, >= 2.42.0, < 2.42.2, = 2.41.0",0.79594,0.99046,zip,Critique,7.243054
CERTFR-2026-AVI-0110,Avis,Multiples vulnérabilités Ivanti Endpoint Manager Mobile (EPMM),2026-01-30,https://www.cert.ssi.gouv.fr/avis/CERTFR-2026-AVI-0110/,2,CVE-2026-1340,2026,9.8,CRITICAL,cvssV3_1,CWE-94,CWE-94 Improper Control of Generation of Code ('Code Injection'),A code injection in Ivanti Endpoint Manager Mobile allowing attackers to achieve unauthenticated remote code execution.,Ivanti,Endpoint Manager Mobile,,0.73873,0.98841,zip,Critique,7.239554000000001
CERTFR-2025-ALE-009,Alerte,Multiples vulnérabilités dans Citrix NetScaler ADC et NetScaler Gateway,2025-07-01,https://www.cert.ssi.gouv.fr/alerte/CERTFR-2025-ALE-009/,2,CVE-2025-5777,2025,9.3,CRITICAL,cvssV4_0,CWE-125,CWE-125 Out-of-bounds Read,"Insufficient input validation leading to memory overread when the NetScaler is configured as a Gateway (VPN virtual server, ICA Proxy, CVPN, RDP Proxy) OR AAA virtual server",NetScaler,ADC,"14.1, 13.1",0.77205,0.98924,zip,Critique,7.180065000000001
CERTFR-2024-AVI-0359,Avis,Multiples vulnérabilités dans les produits HPE Aruba Networking,2024-05-02,https://www.cert.ssi.gouv.fr/avis/CERTFR-2024-AVI-0359/,10,CVE-2024-26304,2024,9.8,CRITICAL,cvssV3_1,,,"There is a buffer overflow vulnerability in the underlying L2/L3 Management service that could lead to unauthenticated remote code execution by sending specially crafted packets destined to the PAPI (Aruba's access point management protocol) UDP port (8211). Successful exploitation of this vulnerability results in the ability to execute arbitrary code as a privileged user on the underlying operating system. 

",Hewlett Packard Enterprise (HPE),Aruba Mobility Conductor (formerly Mobility Master); Aruba Mobility Controllers; WLAN Gateways and SD-WAN Gateways managed by Aruba Central,"ArubaOS 10.5.x.x: 10.5.1.0 and below, ArubaOS 10.4.x.x: 10.4.1.0 and below, ArubaOS 8.11.x.x: 8.11.2.1 and below, ArubaOS 8.10.x.x: 8.10.0.10 and below",0.73237,0.98744,zip,Critique,7.177226
CERTFR-2023-ALE-010,Alerte,Multiples vulnérabilités dans Exim,2023-10-02,https://www.cert.ssi.gouv.fr/alerte/CERTFR-2023-ALE-010/,6,CVE-2023-42115,2023,9.8,CRITICAL,cvssV3_0,CWE-787,CWE-787: Out-of-bounds Write,"Exim AUTH Out-Of-Bounds Write Remote Code Execution Vulnerability. This vulnerability allows remote attackers to execute arbitrary code on affected installations of Exim. Authentication is not required to exploit this vulnerability. 

The specific flaw exists within the smtp service, which listens on TCP port 25 by default. The issue results from the lack of proper validation of user-supplied data, which can result in a write past the end of a buffer. An attacker can leverage this vulnerability to execute code in the context of the service account.
. Was ZDI-CAN-17434.",Exim,Exim,exim 4.95,0.72904,0.98732,zip,Critique,7.144592000000001
CERTFR-2024-AVI-0397,Avis,Multiples vulnérabilités dans les produits Intel,2024-05-15,https://www.cert.ssi.gouv.fr/avis/CERTFR-2024-AVI-0397/,95,CVE-2024-22476,2024,10.0,CRITICAL,cvssV3_1,,escalation of privilege,Improper input validation in some Intel(R) Neural Compressor software before version 2.5.0 may allow an unauthenticated user to potentially enable escalation of privilege via remote access.,,Intel(R) Neural Compressor software,before version 2.5.0,0.69,0.98577,zip,Critique,6.9
CERTFR-2024-AVI-0857,Avis,Multiples vulnérabilités dans les produits Microsoft,2024-10-09,https://www.cert.ssi.gouv.fr/avis/CERTFR-2024-AVI-0857/,15,CVE-2024-43468,2024,9.8,CRITICAL,cvssV3_1,CWE-89,CWE-89: Improper Neutralization of Special Elements used in an SQL Command ('SQL Injection'),Microsoft Configuration Manager Remote Code Execution Vulnerability,Microsoft,Microsoft Configuration Manager,1.0.0,0.69379,0.98591,zip,Critique,6.799142000000001
CERTFR-2024-AVI-0740,Avis,Multiples vulnérabilités dans les produits Veeam,2024-09-05,https://www.cert.ssi.gouv.fr/avis/CERTFR-2024-AVI-0740/,18,CVE-2024-40711,2024,9.8,CRITICAL,cvssV3_0,,,A deserialization of untrusted data vulnerability with a malicious payload can allow an unauthenticated remote code execution (RCE).,Veeam,Backup and  Recovery,12.1.2,0.68197,0.98538,zip,Critique,6.683306
CERTFR-2024-AVI-0767,Avis,Multiples vulnérabilités dans Ivanti Endpoint Manager,2024-09-11,https://www.cert.ssi.gouv.fr/avis/CERTFR-2024-AVI-0767/,16,CVE-2024-29847,2024,10.0,CRITICAL,cvssV3_0,,,"Deserialization of untrusted data in the agent portal of Ivanti EPM before 2022 SU6, or the 2024 September update allows a remote unauthenticated attacker to achieve remote code execution.",Ivanti,EPM,"2024 September Security Update, 2022 SU6",0.66556,0.98476,zip,Critique,6.655600000000001
CERTFR-2026-AVI-0136,Avis,Vulnérabilité dans Fortinet FortiClientEMS,2026-02-09,https://www.cert.ssi.gouv.fr/avis/CERTFR-2026-AVI-0136/,1,CVE-2026-21643,2026,9.1,CRITICAL,cvssV3_1,CWE-89,Execute unauthorized code or commands,An improper neutralization of special elements used in an sql command ('sql injection') vulnerability in Fortinet FortiClientEMS 7.4.4 may allow an unauthenticated attacker to execute unauthorized code or commands via specifically crafted HTTP requests.,Fortinet,FortiClientEMS,7.4.4,0.70889,0.98723,zip,Critique,6.450899
CERTFR-2025-AVI-0575,Avis,Multiples vulnérabilités dans les produits Fortinet,2025-07-09,https://www.cert.ssi.gouv.fr/avis/CERTFR-2025-AVI-0575/,8,CVE-2025-25257,2025,9.6,CRITICAL,cvssV3_1,CWE-89,Execute unauthorized code or commands,"An improper neutralization of special elements used in an SQL command ('SQL Injection') vulnerability [CWE-89] vulnerability in Fortinet FortiWeb 7.6.0 through 7.6.3, FortiWeb 7.4.0 through 7.4.7, FortiWeb 7.2.0 through 7.2.10, FortiWeb 7.0.0 through 7.0.10 allows an unauthenticated attacker to execute unauthorized SQL code or commands via crafted HTTP or HTTPs requests.",Fortinet,FortiWeb,"7.6.0, 7.4.0, 7.2.0, 7.0.0",0.64942,0.98407,zip,Critique,6.234432
CERTFR-2024-AVI-1039,Avis,Multiples vulnérabilités dans les produits Veeam,2024-12-04,https://www.cert.ssi.gouv.fr/avis/CERTFR-2024-AVI-1039/,11,CVE-2024-42448,2024,9.9,CRITICAL,cvssV3_0,,,"From the VSPC management agent machine, under condition that the management agent is authorized on the server, it is possible to perform Remote Code Execution (RCE) on the VSPC server machine.",Veeam,Service Provider Console,8.1,0.61286,0.98247,zip,Critique,6.067314
CERTFR-2023-AVI-0939,Avis,Multiples vulnérabilités dans les produits Adobe,2023-11-15,https://www.cert.ssi.gouv.fr/avis/CERTFR-2023-AVI-0939/,23,CVE-2023-44350,2023,9.8,CRITICAL,cvssV3_1,CWE-502,Deserialization of Untrusted Data (CWE-502),Adobe ColdFusion versions 2023.5 (and earlier) and 2021.11 (and earlier) are affected by an Deserialization of Untrusted Data vulnerability that could result in Arbitrary code execution. Exploitation of this issue does not require user interaction.,Adobe,ColdFusion,0,0.6189,0.98271,zip,Critique,6.06522
CERTFR-2025-AVI-0360,Avis,Multiples vulnérabilités dans les produits Tenable,2025-05-02,https://www.cert.ssi.gouv.fr/avis/CERTFR-2025-AVI-0360/,5,CVE-2025-32433,2025,10.0,CRITICAL,cvssV3_1,CWE-306,CWE-306: Missing Authentication for Critical Function,"Erlang/OTP is a set of libraries for the Erlang programming language. Prior to versions OTP-27.3.3, OTP-26.2.5.11, and OTP-25.3.2.20, a SSH server may allow an attacker to perform unauthenticated remote code execution (RCE). By exploiting a flaw in SSH protocol message handling, a malicious actor could gain unauthorized access to affected systems and execute arbitrary commands without valid credentials. This issue is patched in versions OTP-27.3.3, OTP-26.2.5.11, and OTP-25.3.2.20. A temporary workaround involves disabling the SSH server or to prevent access via firewall rules.",erlang,otp,">= OTP-27.0-rc1, < OTP-27.3.3, >= OTP-26.0-rc1, < OTP-26.2.5.11, < OTP-25.3.2.20",0.59319,0.98277,zip,Critique,5.9319
CERTFR-2025-AVI-0767,Avis,Vulnérabilité dans les produits Adobe,2025-09-09,https://www.cert.ssi.gouv.fr/avis/CERTFR-2025-AVI-0767/,1,CVE-2025-54236,2025,9.1,CRITICAL,cvssV3_1,CWE-20,Improper Input Validation (CWE-20),"Adobe Commerce versions 2.4.9-alpha2, 2.4.8-p2, 2.4.7-p7, 2.4.6-p12, 2.4.5-p14, 2.4.4-p15 and earlier are affected by an Improper Input Validation vulnerability. A successful attacker can abuse this to achieve session takeover, increasing the confidentiality, and integrity impact to high. Exploitation of this issue does not require user interaction.",Adobe,Adobe Commerce,0,0.61713,0.98265,zip,Critique,5.615882999999999
CERTFR-2025-ALE-014,Alerte,[MàJ] Vulnérabilité dans React Server Components,2025-12-05,https://www.cert.ssi.gouv.fr/alerte/CERTFR-2025-ALE-014/,2,CVE-2025-55182,2025,10.0,CRITICAL,cvssV3_1,,Deserialization of Untrusted Data (CWE-502),"A pre-authentication remote code execution vulnerability exists in React Server Components versions 19.0.0, 19.1.0, 19.1.1, and 19.2.0 including the following packages: react-server-dom-parcel, react-server-dom-turbopack, and react-server-dom-webpack. The vulnerable code unsafely deserializes payloads from HTTP requests to Server Function endpoints.",Meta,react-server-dom-webpack,"19.0.0, 19.1.0, 19.2.0",0.5512,0.9797,zip,Critique,5.5120000000000005
CERTFR-2026-AVI-0210,Avis,Multiples vulnérabilités dans Cisco Catalyst SD-WAN,2026-02-25,https://www.cert.ssi.gouv.fr/avis/CERTFR-2026-AVI-0210/,6,CVE-2026-20127,2026,10.0,CRITICAL,cvssV3_1,CWE-287,Improper Authentication,"A vulnerability in the peering authentication in Cisco Catalyst SD-WAN Controller, formerly SD-WAN vSmart, and Cisco Catalyst SD-WAN Manager, formerly SD-WAN vManage, could allow an unauthenticated, remote attacker to bypass authentication and obtain administrative privileges on an affected system.

This vulnerability exists because the peering authentication mechanism in an affected system is not working properly. An attacker could exploit this vulnerability by sending crafted requests to an affected system. A successful exploit could allow the attacker to log in to an affected Cisco Catalyst SD-WAN Controller as an internal, high-privileged, non-root&nbsp;user account. Using this account, the attacker could access NETCONF, which would then allow the attacker to manipulate network configuration for the SD-WAN fabric.&nbsp;",Cisco,Cisco Catalyst SD-WAN Manager,"20.1.12, 19.2.1, 18.4.4, 18.4.5, 20.1.1.1",0.54797,0.98086,zip,Critique,5.479699999999999
CERTFR-2024-AVI-0300,Avis,Multiples vulnérabilités dans PHP,2024-04-12,https://www.cert.ssi.gouv.fr/avis/CERTFR-2024-AVI-0300/,4,CVE-2024-1874,2024,9.4,CRITICAL,cvssV3_1,CWE-116,CWE-116 Improper Encoding or Escaping of Output,"In PHP versions 8.1.* before 8.1.28, 8.2.* before 8.2.18, 8.3.* before 8.3.5, when using proc_open() command with array syntax, due to insufficient escaping, if the arguments of the executed command are controlled by a malicious user, the user can supply arguments that would execute arbitrary commands in Windows shell. 

",PHP Group,PHP,"8.1.*, 8.2.*, 8.3.*",0.57549,0.98077,zip,Critique,5.409606
CERTFR-2025-ALE-003,Alerte,[MàJ] Vulnérabilité dans les produits Ivanti,2025-04-03,https://www.cert.ssi.gouv.fr/alerte/CERTFR-2025-ALE-003/,2,CVE-2025-22457,2025,9.0,CRITICAL,cvssV3_1,CWE-121,CWE-121 Stack-based Buffer Overflow,"A stack-based buffer overflow in Ivanti Connect Secure before version 22.7R2.6, Ivanti Policy Secure before version 22.7R1.4, and Ivanti ZTA Gateways before version 22.8R2.2 allows a remote unauthenticated attacker to achieve remote code execution.",Ivanti,Connect Secure,,0.58941,0.9826,zip,Critique,5.30469
CERTFR-2025-AVI-0121,Avis,Multiples vulnérabilités dans les produits Ivanti,2025-02-12,https://www.cert.ssi.gouv.fr/avis/CERTFR-2025-AVI-0121/,10,CVE-2025-22467,2025,9.9,CRITICAL,cvssV3_1,CWE-121,CWE-121 Stack-based Buffer Overflow,A stack-based buffer overflow in Ivanti Connect Secure before version 22.7R2.6 allows a remote authenticated attacker to achieve remote code execution.,Ivanti,Connect Secure,,0.5325,0.97879,zip,Critique,5.27175
CERTFR-2024-AVI-0502,Avis,Multiples vulnérabilités dans les produits VMware,2024-06-18,https://www.cert.ssi.gouv.fr/avis/CERTFR-2024-AVI-0502/,3,CVE-2024-37079,2024,9.8,CRITICAL,cvssV3_1,,Heap-overflow vulnerability,vCenter Server contains a heap-overflow vulnerability in the implementation of the DCERPC protocol. A malicious actor with network access to vCenter Server may trigger this vulnerability by sending a specially crafted network packet potentially leading to remote code execution.,,VMware vCenter Server,"8.0, 8.0, 7.0",0.53779,0.97908,zip,Critique,5.270342
CERTFR-2024-AVI-0431,Avis,Multiples vulnérabilités dans les produits Veeam,2024-05-22,https://www.cert.ssi.gouv.fr/avis/CERTFR-2024-AVI-0431/,5,CVE-2024-29849,2024,9.8,CRITICAL,cvssV3_0,,,Veeam Backup Enterprise Manager allows unauthenticated users to log in as any user to enterprise manager web interface.,Veeam,Backup & Replication,"12.1.2.172, 11.0.1.1261 P20240304",0.53623,0.97897,zip,Critique,5.255054
CERTFR-2024-AVI-0108,Avis,Multiples vulnérabilités dans les produits Fortinet,2024-02-09,https://www.cert.ssi.gouv.fr/avis/CERTFR-2024-AVI-0108/,7,CVE-2024-23113,2024,9.8,CRITICAL,cvssV3_1,CWE-134,Execute unauthorized code or commands,"A use of externally-controlled format string in Fortinet FortiOS versions 7.4.0 through 7.4.2, 7.2.0 through 7.2.6, 7.0.0 through 7.0.13, FortiProxy versions 7.4.0 through 7.4.2, 7.2.0 through 7.2.8, 7.0.0 through 7.0.14, FortiPAM versions 1.2.0, 1.1.0 through 1.1.2, 1.0.0 through 1.0.3, FortiSwitchManager versions 7.2.0 through 7.2.3, 7.0.0 through 7.0.3 allows attacker to execute unauthorized code or commands via specially crafted packets.",Fortinet,FortiSwitchManager,"7.2.0, 7.0.0",0.51233,0.97783,zip,Critique,5.020834
CERTFR-2025-AVI-0177,Avis,Multiples vulnérabilités dans les produits VMware,2025-03-05,https://www.cert.ssi.gouv.fr/avis/CERTFR-2025-AVI-0177/,5,CVE-2025-22224,2025,9.3,CRITICAL,cvssV3_1,,Heap-overflow vulnerability,"VMware ESXi, and Workstation contain a TOCTOU (Time-of-Check Time-of-Use) vulnerability that leads to an out-of-bounds write. A malicious actor with local administrative privileges on a virtual machine may exploit this issue to execute code as the virtual machine's VMX process running on the host.",VMware,ESXi,"8.0, 8.0, 7.0",0.51468,0.97792,zip,Critique,4.786524000000001
CERTFR-2024-AVI-0767,Avis,Multiples vulnérabilités dans Ivanti Endpoint Manager,2024-09-11,https://www.cert.ssi.gouv.fr/avis/CERTFR-2024-AVI-0767/,16,CVE-2024-34783,2024,9.1,CRITICAL,cvssV3_0,,,"An unspecified SQL injection in Ivanti EPM before 2022 SU6, or the 2024 September update allows a remote authenticated attacker with admin privileges to achieve remote code execution.",Ivanti,EPM,"2024 September Security Update, 2022 SU6",0.50062,0.9773,zip,Critique,4.555642
CERTFR-2024-AVI-0767,Avis,Multiples vulnérabilités dans Ivanti Endpoint Manager,2024-09-11,https://www.cert.ssi.gouv.fr/avis/CERTFR-2024-AVI-0767/,16,CVE-2024-32840,2024,9.1,CRITICAL,cvssV3_0,,,"An unspecified SQL injection in Ivanti EPM before 2022 SU6, or the 2024 September update allows a remote authenticated attacker with admin privileges to achieve remote code execution.",Ivanti,EPM,"2024 September Security Update, 2022 SU6",0.50062,0.9773,zip,Critique,4.555642
CERTFR-2024-AVI-0767,Avis,Multiples vulnérabilités dans Ivanti Endpoint Manager,2024-09-11,https://www.cert.ssi.gouv.fr/avis/CERTFR-2024-AVI-0767/,16,CVE-2024-34779,2024,9.1,CRITICAL,cvssV3_0,,,"An unspecified SQL injection in Ivanti EPM before 2022 SU6, or the 2024 September update allows a remote authenticated attacker with admin privileges to achieve remote code execution.",Ivanti,EPM,"2024 September Security Update, 2022 SU6",0.50062,0.9773,zip,Critique,4.555642
